<?xml version="1.0" encoding="utf-8"?>
<odoo>

    <record id="module_category_material" model="ir.module.category">
        <field name="name">Material</field>
    </record>

    <record id="group_material_user" model="res.groups">
        <field name="name">Material / User</field>
        <field name="category_id" ref="module_category_material"/>
    </record>

    <record id="group_material_manager" model="res.groups">
        <field name="name">Training / Manager</field>
        <field name="category_id" ref="module_category_material"/>
        <field name="implied_ids" eval="[(4, ref('group_material_user'))]"/>
        <field name="users" eval="[(4, ref('base.user_root')), (4, ref('base.user_admin'))]"/>
    </record>

</odoo>
